{
    "tempo": [
        132.51201923076923
    ],
    "beats": [
        0.22058956916099773,
        0.7546485260770975,
        1.18421768707483,
        1.6137868480725623,
        1.9969160997732427,
        2.4380952380952383,
        2.8212244897959184,
        3.320453514739229,
        3.7848526077097504,
        4.260861678004535,
        4.702040816326531,
        5.154829931972789,
        5.607619047619048,
        6.060408163265306,
        6.478367346938776,
        6.884716553287982,
        7.291065759637188,
        7.685804988662132,
        8.068934240362811,
        8.428843537414966,
        8.858412698412698,
        9.287981859410431,
        9.729160997732427,
        10.170340136054422,
        10.62312925170068,
        11.029478458049887,
        11.459047619047618,
        11.900226757369614,
        12.34140589569161,
        12.759365079365079,
        13.177324263038548,
        13.653333333333334,
        14.071292517006803,
        14.605351473922903,
        15.12780045351474,
        15.603809523809524,
        16.068208616780044,
        16.532607709750568,
        17.00861678004535,
        17.41496598639456,
        17.867755102040817,
        18.274104308390022,
        18.68045351473923,
        19.098412698412698,
        19.51637188208617,
        20.01560090702948,
        20.44517006802721,
        20.874739229024943,
        21.292698412698414,
        21.69904761904762,
        22.140226757369614,
        22.558185941043085,
        23.034195011337868,
        23.4637641723356,
        23.904943310657597,
        24.357732426303855,
        24.810521541950113,
        25.21687074829932,
        25.623219954648526,
        26.02956916099773,
        26.43591836734694,
        26.93514739229025,
        27.445986394557824,
        27.93360544217687,
        28.398004535147393,
        28.874013605442176,
        29.31519274376417,
        29.733151927437643,
        30.15111111111111,
        30.661950113378683,
        31.13795918367347,
        31.60235827664399,
        32.066757369614514,
        32.51954648526077,
        32.949115646258505,
        33.36707482993197,
        33.7966439909297,
        34.2378231292517,
        34.748662131519275,
        35.22467120181406,
        35.68907029478458,
        36.18829931972789,
        36.57142857142857,
        36.96616780045351,
        37.36090702947846,
        37.77886621315193,
        38.185215419501134,
        38.70766439909297,
        39.114013605442175,
        39.54358276643991,
        39.9847619047619,
        40.437551020408165,
        40.89034013605442,
        41.366349206349206,
        41.807528344671205,
        42.29514739229025,
        42.840816326530614,
        43.23555555555556,
        43.6302947845805,
        44.00181405895692,
        44.40816326530612,
        44.81451247165533,
        45.244081632653064,
        45.731700680272105,
        46.18448979591837,
        46.63727891156463,
        47.09006802721088,
        47.49641723356009,
        47.9027664399093,
        48.309115646258505,
        48.77351473922902,
        49.24952380952381,
        49.70231292517007,
        50.166712018140586,
        50.61950113378685,
        51.06068027210885,
        51.50185941043084,
        52.01269841269841,
        52.50031746031746,
        52.953106575963716,
        53.45233560090703,
        53.939954648526076,
        54.43918367346939,
        54.926802721088436,
        55.414421768707484,
        55.90204081632653,
        56.35482993197279,
        56.77278911564626,
        57.225578231292516,
        57.62031746031746,
        58.0150566893424,
        58.433015873015876,
        58.909024943310655,
        59.38503401360544,
        59.849433106575965,
        60.395102040816326,
        60.89433106575964,
        61.3471201814059,
        61.765079365079366,
        62.18303854875283,
        62.61260770975057,
        63.0421768707483,
        63.518185941043086,
        63.9825850340136,
        64.49342403628118,
        64.95782312925171,
        65.44544217687074,
        65.92145124716554,
        66.36263038548753,
        66.82702947845804,
        67.37269841269841,
        67.88353741496599,
        68.39437641723356,
        68.9168253968254,
        69.4508843537415,
        69.84562358276644,
        70.26358276643991,
        70.70476190476191,
        71.19238095238096,
        71.56390022675737,
        71.92380952380952,
        72.35337868480725,
        72.79455782312925,
        73.32861678004535,
        73.87428571428572,
        74.30385487528345,
        74.72181405895692,
        75.1978231292517,
        75.62739229024943,
        76.0453514739229,
        76.47492063492064,
        76.90448979591837,
        77.39210884353741,
        77.87972789115646,
        78.36734693877551,
        78.80852607709751,
        79.23809523809524,
        79.64444444444445,
        80.12045351473922,
        80.56163265306122,
        81.00281179138322,
        81.45560090702948,
        81.89678004535148,
        82.33795918367348,
        82.81396825396826,
        83.22031746031746,
        83.73115646258503,
        84.16072562358276,
        84.62512471655329,
        85.08952380952381,
        85.60036281179138,
        86.08798185941043,
        86.57560090702948,
        87.12126984126984,
        87.51600907029479,
        87.91074829931972,
        88.3287074829932,
        88.78149659863945,
        89.23428571428572,
        89.68707482993197,
        90.13986394557823,
        90.58104308390023,
        91.0918820861678,
        91.52145124716553
    ],